#978F84,#978F84,#978F84,#ABA79E,#7D756A,#978F84,#988E84,#6D6050,#968C82,#706553,#423E33,#453E34,#746F6B,#A0938A,#9F9385,#9F9385,#72726A,#74716A,#74716A,#74716A,#74716A,#74716C,#443E32,#A29E95,#A29E95,#A29E95,#A29E95,#A29E95,#A19D94,#A29E95,#A29E95,#A29E95
#988E84,#968E83,#978F84,#433C32,#443E32,#403C30,#453F33,#91897E,#464034,#736F66,#988E84,#968E83,#1F2227,#A1948C,#484B54,#222328,#202126,#78756E,#74716A,#74716A,#74716A,#74716C,#716E67,#A29E95,#A29E95,#5C584F,#5C584F,#59554C,#837F76,#5E5A4F,#5D564C,#5D5950
#ABA79E,#ABA79E,#AAA79E,#736F66,#413D31,#453E34,#978D81,#968E83,#726F68,#989085,#959188,#43464F,#222328,#222328,#212226,#212227,#424953,#44474E,#222328,#74716A,#74716A,#74716C,#74716A,#A39F96,#A29E95,#5C584D,#5C554D,#A5A198,#A29E93,#A29E95,#A29E95,#A29E95
#746F69,#ADA99E,#968E83,#72716C,#4F4D41,#747067,#978F84,#968E83,#767269,#978F84,#454851,#212227,#222127,#222328,#232228,#464B51,#212129,#454851,#1E2126,#444851,#74716A,#74716C,#433F33,#A29E95,#A39F96,#A29E95,#A29E95,#A29E95,#A19D94,#A29E95,#A39F96,#A39F96
#888177,#968E83,#968E83,#74716C,#4F4B40,#737067,#968E83,#75706A,#443E32,#968E83,#413F4A,#232228,#1B1B23,#222328,#272228,#242227,#232228,#383840,#212226,#222126,#2F2E33,#74716A,#423E32,#A29E95,#A29E95,#A29E95,#A19D94,#827E75,#827B71,#5B574E,#605951,#87837A
#978D83,#968E83,#978D83,#72726A,#504C41,#949087,#968E83,#746F69,#716D64,#716D64,#232228,#251F21,#AA7F76,#EBB8A3,#E1B2A0,#E2B3A3,#E1B29E,#A87A6A,#202427,#212227,#222328,#74716C,#74716A,#A29E93,#A39F94,#A19D94,#A39F96,#A59E94,#A19D94,#A19D94,#A19D94,#A29E95
#716C66,#737069,#6C5C4F,#6B6253,#74716A,#999087,#968E83,#746F6B,#453F31,#77746F,#222328,#AC7E6F,#CB9980,#E1B29E,#E2B1A0,#E2B1A0,#E0B19F,#C59881,#AA7C6C,#232124,#222328,#74716C,#74716A,#A39F94,#A39F94,#A29E95,#A29E95,#A29E95,#A29E95,#625B53,#A8A49B,#5A564B
#706352,#968E83,#989085,#999288,#898278,#978F84,#978F84,#736E68,#443E32,#74716A,#222328,#251B19,#CB9980,#E0B19F,#F2C3B9,#EEC2B7,#EDC1B6,#DFAF9B,#C39983,#222126,#565658,#74716A,#75726B,#A2A094,#A29E95,#5F584E,#5F584E,#59554A,#7A7369,#A4A097,#605C53,#9E9A91
#968E83,#968E83,#978D83,#968D84,#968E83,#978F84,#968E83,#736E68,#767269,#757269,#222328,#B48170,#876F6F,#826A68,#816969,#DCA998,#826A68,#422922,#412821,#C0A699,#755D5B,#74716C,#74716A,#A29E93,#A29E95,#A29E95,#A59E96,#A29E95,#A29E95,#A29E95,#A29E95,#A29E95
#453F33,#978D83,#958F83,#716E69,#968E83,#968E83,#968E83,#ABA89F,#A4A296,#958B81,#A27562,#806B66,#543727,#211610,#533628,#ECBCAE,#3E271F,#533626,#533928,#D4AB99,#A77868,#75706A,#75706A,#A4A097,#A29E93,#A29E93,#A39F96,#A39F96,#A39F96,#A39F94,#A39F96,#A29E95
#A9A69D,#AAA79E,#978D83,#968E83,#968E83,#978D83,#968E83,#968E83,#968E83,#978D83,#D19F94,#AA7A6C,#896C68,#856965,#AA7D6A,#EDBDAF,#AD7F70,#DB9F94,#DDA197,#D1A896,#DDAC9E,#74716A,#75706A,#A29E93,#A29E93,#A29E93,#A39F96,#A39F94,#A39F94,#A29E95,#A29E95,#A29E95
#A9A69D,#968E83,#968E83,#686159,#978D81,#968E83,#978F84,#968E83,#403A2E,#413B2F,#B07869,#A87D6C,#DDA196,#EEBEB0,#D3988A,#F2C2B4,#D9A899,#C99685,#DDA196,#D1A896,#927C6E,#757168,#76716B,#A39F94,#A39F96,#78756C,#A6A297,#A5A198,#A4A097,#76716B,#75726B,#74716A
#7F776A,#6D6050,#6C6050,#6D5F52,#6C6050,#958D82,#978F84,#978F84,#968D84,#978F84,#9C8E85,#A97F6F,#DBA196,#8F6F64,#AA8A7D,#A57B6F,#B19081,#BC9284,#845F57,#BE9A82,#757168,#75706A,#76716B,#A39F96,#A39F94,#A39F94,#A39F96,#A39F96,#A39F96,#A39F96,#A39F96,#A29E95
#463E31,#463E33,#453D32,#473D31,#6E6151,#969084,#968E83,#968E83,#968E83,#968D84,#978F84,#A87F6D,#D1A693,#C49687,#EFD9CE,#E7D1C6,#E5CFC4,#CC9B8C,#DDAE9E,#BF9984,#75706A,#76716D,#76716B,#A39F94,#A39F96,#A39F96,#A39F96,#A39F96,#A39F96,#A39F96,#A4A097,#A39F96
#968E83,#958C83,#958C83,#958C83,#968D84,#968E83,#6C6052,#6D5F52,#6D6050,#6F5F50,#6C6050,#745F4E,#CBA290,#D4A792,#C79280,#C89383,#C79385,#C99580,#AE8372,#9D7D72,#75706A,#76716D,#77746D,#A3A097,#A39F96,#A39F96,#A39F96,#A4A097,#A39F96,#A39F96,#A39F96,#A39F94
#6E6053,#6D6050,#6D6050,#6D6050,#6C5F4F,#6D6050,#6D6050,#474135,#463E33,#968C83,#978E85,#B6BBF3,#A77D6D,#B08C7C,#C59684,#CFA491,#D5A895,#A58A79,#AD8375,#5A62A1,#78706D,#76716D,#76736C,#A19E95,#A39F96,#A39F96,#A39F96,#A39F96,#A39F96,#A39F96,#A39F96,#A29E93
#484137,#958C83,#948D83,#968E83,#968E83,#968D84,#968E83,#968E83,#978F84,#968E83,#938E8A,#4D5180,#99776B,#A27E70,#735650,#A9897C,#A88B7B,#AA816F,#99776D,#A68894,#8F98D3,#74746C,#76736C,#A29F96,#A39F96,#A3A097,#A39F96,#A4A097,#A39F96,#A39F96,#A39F94,#A39F94
#6B5E4E,#6D6050,#6B5E4E,#6D6050,#61574B,#6C5F4E,#6D6153,#6D6050,#6E6151,#706458,#BEC5F9,#9592BD,#8F635A,#AB7D6D,#9D766F,#AD7F70,#AD7F70,#AB8270,#AB7D6D,#C0A2A4,#727AC2,#BFC6FA,#76736A,#A49F99,#A39F96,#A39F94,#A39F94,#A39F96,#A39F96,#A39F94,#A39F94,#A29E95
#968D84,#968D84,#968F85,#968D84,#978E85,#958E84,#958E84,#BDC5F6,#BEC5FB,#BCC6F9,#BBC7FB,#9DAAF0,#AB806D,#C99B84,#C99982,#C89881,#C99B84,#C99983,#C89A83,#C2A2A7,#8996DC,#A0ADF3,#D1DAFB,#A09F9A,#A39F96,#A39F94,#A39F94,#A39F96,#A39F96,#A39F94,#A39F94,#A39F96
#978F84,#978F84,#978F84,#978F84,#968F89,#BEC6F7,#BFC7F8,#BDC7FC,#BCC6F9,#BDC4F8,#C2CBFF,#9EA8EF,#DCAD99,#C99983,#DBA895,#ECBEAE,#D8A796,#D9A995,#D9A995,#BDABC1,#8A97DD,#A2AFF3,#BBC5F8,#D4D9FF,#D3D9FB,#D3DAF7,#A39F96,#A39F96,#A39F96,#A39F96,#A39F94,#A29E95
#968E83,#978F84,#978F84,#BEC6F7,#BDC7FA,#BDC7FA,#BDC7FA,#97A2E4,#7F88CB,#818ACD,#676FB0,#7C87C9,#BCC3F7,#D9A993,#D9A995,#EBBDB0,#EBBDAE,#EABCAD,#D8AA93,#A6B0EE,#97A0E5,#96A3E7,#8489CB,#A7B0F5,#BDC4FA,#BFC5F7,#D3D9FB,#D9DDF8,#A39F94,#A39F96,#A39F96,#A39F94
#978F84,#978F84,#9EA8E3,#BDC7FA,#BDC7FA,#BFC7F8,#BDC7FA,#BDC7FA,#BCC5FC,#97A0E5,#9AA4E2,#98A3E5,#9DA6EB,#BDC3F3,#EABCAF,#EBBDAE,#EBBDB0,#EBBDAE,#E5BCB6,#A6AFF2,#BAC4F5,#646CAB,#98A3E3,#A7AEF2,#BCC6F7,#BCC6F9,#BCC3F7,#D4DAFC,#C7CEF8,#A39F94,#A39F96,#A39F94
#989085,#B9C3F6,#9DA6E7,#BFC7F8,#BDC7FA,#BFC7F8,#BDC7FA,#BDC7F8,#BDC7FA,#BDC7FA,#BFC6FA,#97A1E8,#99A4E6,#666EAC,#BCC4F5,#EBBDAE,#EBBDAE,#EBBDAE,#A8ADF1,#BCC6F9,#656F93,#96A0E5,#BEC8FB,#BDC7FA,#BDC7FA,#BDC7FA,#BCC6F9,#BEC5FB,#AAB4F2,#9D9CA1,#A39F94,#A39F94
#968D84,#9CA5E6,#BCC6FB,#BDC7FA,#BDC7FA,#BDC7FA,#BDC7FA,#BDC7FA,#BDC7FA,#BDC7FA,#BDC7FA,#BDC7F8,#BCC6FB,#BDC7F8,#6870AE,#C1C3F3,#EBBDAE,#E8BEB2,#BBC5FA,#6A74A9,#273341,#BDC6FF,#BDC7FA,#BDC7FA,#BDC7FA,#BDC7FA,#BDC7FA,#BDC7FA,#A8B1F2,#A6ADE3,#A2A091,#A39F96
#C1C8FC,#9FA8EB,#BFC6FA,#BDC7FA,#BDC7FA,#BDC7FA,#BDC7FA,#BDC7FA,#BDC7FA,#BDC7FA,#BDC7FA,#BDC7FA,#BDC7FA,#BDC7FA,#C1CBFE,#656EB1,#EDBCAD,#BBC5F8,#656CB0,#202D3E,#293446,#BDC8F6,#BDC7FA,#BDC7F8,#BDC7FA,#BCC6F9,#BDC7FA,#BDC7FA,#A8B1F4,#A7B0EB,#787677,#A39F94
#BEC6F7,#9EA7EA,#BFC7F6,#BDC7FA,#BDC7FA,#BDC7FA,#BDC7FA,#BDC7FA,#BDC7FA,#BDC7FA,#BDC7FA,#BDC7FA,#BDC7FA,#BDC7FA,#BDC7FA,#9CA5E6,#6971AF,#6C73B9,#9BA4E7,#1F2C3D,#293446,#BDC7F8,#BDC7FA,#BDC7FA,#BDC7FA,#BDC7FA,#BDC7FA,#BDC7FA,#A9B1F2,#A8B1EC,#BEC5F9,#A39F94
#A0A9EC,#9DA8EA,#BDC7FA,#BEC5F9,#BFC7F8,#BFC7F8,#BDC7FA,#BDC7FA,#BDC7FA,#BDC7FA,#BDC7FA,#BDC7FA,#BDC7FA,#BDC7FA,#BDC7FA,#BDC7FA,#9BA3EC,#99A2E7,#C1C8F6,#1E2B3B,#8890B5,#BFC7F8,#BDC7FA,#BDC7FA,#BDC7FA,#BDC7FA,#BFC7F8,#BDC7FA,#AFB8F1,#BDC7FA,#BEC6F7,#A39F96
#9DA8E8,#9DA8EA,#9FA8E9,#9DA7E4,#BCC6F9,#BFC7F8,#BFC7F8,#BEC8F9,#BDC7FA,#BDC7FA,#BDC7FA,#BDC7FA,#BDC7FA,#BDC7FA,#BDC7FA,#BDC7FA,#727BC0,#BBC5F6,#BCC7F5,#A5B7C5,#7A84A8,#BDC7FA,#BDC7FA,#BDC7FA,#BDC7FA,#BDC7FA,#BFC7F8,#BDC7F8,#B6BFF8,#BFC6FA,#BCC6F9,#A3A097
#7176B6,#9BA4E7,#9EA7EA,#9CA5E8,#8087BB,#9EA6E5,#BEC5F9,#BFC7F8,#BFC7F8,#BDC7FA,#BDC7FA,#BCC6F9,#BDC7FA,#BDC7FA,#BDC7FA,#BDC7FA,#737AC2,#BDC7FA,#283546,#A7B7C7,#BFC7F8,#BFC7F8,#BDC7FA,#BDC7FA,#BDC7FA,#BEC6F7,#9FA8EB,#BCC6F9,#8B92D8,#BEC5FC,#A1A9E8,#BFC7F6
#C1C7F9,#7176B8,#9EA7EA,#A1AAEB,#646CAB,#9FA8EB,#9EA7EA,#BEC6F7,#BDC7FA,#BFC7F8,#BDC7FA,#BDC7FA,#BDC7FA,#BDC7FA,#BDC7FA,#BFC7F8,#777BC4,#BDC7F8,#283548,#283345,#BFC7F8,#BFC7F8,#BDC7FA,#BDC7FA,#BDC7FA,#BCC6F9,#9EA7EA,#9EA7E8,#9FA8E9,#9EA6E7,#9DA8EA,#BEC6F7
#9EA7EA,#A1AAE5,#BCC4F5,#BEC5FB,#BAC3FA,#9DA8E8,#9DA8E8,#9FA6EA,#C2C8FA,#BFC7F8,#BFC7F8,#BFC7F8,#BFC7F8,#BFC7F8,#BFC7F8,#C0C8F9,#747BC1,#BCC6F9,#293448,#293446,#C0C6F6,#BFC7F8,#BDC7FA,#BFC6FA,#BFC6FA,#BCC6F9,#9FA6EC,#9EA7EA,#9CA5E6,#A0AAE8,#CDD3F5,#9DA6E7
#9DA6E7,#BEC6F5,#9EA7E8,#9EA7E8,#717ABB,#9EA7E8,#9EA7E8,#9EA7E8,#9DA6E7,#BBC6F4,#BCC6F7,#BEC6F7,#BEC6F7,#BEC6F7,#BEC6F7,#BCC6F7,#787DC1,#BDC5F6,#293647,#293647,#9DA6E9,#9FAAEA,#A0A7EB,#9FA7E8,#BDC5F6,#9FA8E9,#9DA6E9,#9DA6E9,#838BCA,#9DA8EA,#9DA6E7,#9BA4E5
